[
    {
       "seq":"one",
       "brand":"canon",
       "logo":"assets/thumb-24-06-22/bird.jpg",
       "title":"Canon India",
       "campaign":"2Campaigns",
       "award":"5Awards",
       "flmTitle":"Film",
       "Film":[
          {
             "FilmCount":"09",
             "filmTumb":"assets/thumb.jpg",
             "filmBig":"assets/big.mp4",
             "filmHashTag":"#Take Off"
          },
          {
             
             "FilmCount":"09",
             "filmTumb":"assets/thumb.jpg",
             "filmBig":"assets/big.mp4",
             "filmHashTag":"#Take Off"
          }
       ],
       "SMCtitle":"Social media communication",
       "SMChashTag":"#Take Off",
       "uiUxMainTitle":"UI & UX",
       "uiuxCount":2,
       "uiUxsubTitle":"Canon",
       "uiUxCaseStUrl":"aaa.com",
       "uiUxWebUrl":"canon.com",
       "uiUxScreenshot":"assets/screenCanon.jpg",
       "eOtheTitle":"Explore other brand work",
       "othLogo":"assets/thumb-24-06-22/bird.jpg",
       "status":true
    },
    {
       "brand":"Vivo",
       "logo":"assets/thumb-24-06-22/bird.jpg",
       "title":"Vivo",
       "campaign":"2Campaigns",
       "award":"5Awards",
       "flmTitle":"Film",
       "FilmCount":"09",
       "filmTumb":"assets/thumb.jpg",
       "filmBig":"assets/big.mp4",
       "filmHashTag":"#Vivo Off",
       "SMCtitle":"Social media communication",
       "SMChashTag":"#Take Off",
       "uiUxMainTitle":"UI & UX",
       "uiuxCount":2,
       "uiUxsubTitle":"VIvo",
       "uiUxCaseStUrl":"aaa.com",
       "uiUxWebUrl":"canon.com",
       "uiUxScreenshot":"assets/screenCanon.jpg",
       "eOtheTitle":"Explore other brand work",
       "othLogo":"assets/thumb-24-06-22/bird.jpg",
       "status":true
    }
 ]