 {
  "contentData": [
    {
      "imageThumb": "assets/Unwanted21_3/Bhojpuri_Influencer_Video.jpg",
      "imageBig": "assets/Unwanted21_3/Bhojpuri_Influencer_Video.mp4",
      "contentTitle": "Unwanted 21 Days<br>",
      "contentSubtitle": "",
      "type": "htmlvid",
      "company": "unwanteddays",
      "filter": "Animated-Videos",
      "size": [0, 0]
    },
    {
      "imageThumb": "assets/Unwanted21_3/Contest_Post.jpg",
      "imageBig": "assets/Unwanted21_3/Contest_Post.mp4",
      "contentTitle": "Unwanted 21 Days<br>",
      "contentSubtitle": "",
      "type": "htmlvid",
      "company": "unwanteddays",
      "filter": "Animated-Videos",
      "size": [0, 0]
    },
    {
      "imageThumb": "assets/Unwanted21_3/Hindi_Influencer_Video.jpg",
      "imageBig": "assets/Unwanted21_3/Hindi_Influencer_Video.mp4",
      "contentTitle": "Unwanted 21 Days<br>",
      "contentSubtitle": "",
      "type": "htmlvid",
      "company": "unwanteddays",
      "filter": "Animated-Videos",
      "size": [0, 0]
    }
  ]
}
